layout,pitch_ratio,baffle_ratio,U,A_provided,dP_shell_kPa,dP_tube_kPa,Ds_mm,Nt,Nb,Re_shell,ho
triangular,1.25,0.2,781.7260190145529,10.513980700139575,3125.676542037825,10.87152516694316,231.4035753891629,36,104.44348746109608,9472.727619417992,2109.06258078794
triangular,1.25,0.25,733.8697202246349,11.098090739036218,1576.918485610732,9.844056785274217,235.90249368382464,38,81.74605196061327,7291.889905644638,1826.3762279467908
triangular,1.25,0.3,693.1609550987096,11.682200777932863,893.3289151872056,8.960049932455291,240.27368695233287,40,66.70057459472771,5857.489182869542,1619.0844863604846
triangular,1.25,0.35,657.7890655196392,12.266310816829504,548.5925582868273,8.193663031659224,244.5269084378734,42,56.01972528066205,4847.566958641118,1459.0369424787955
triangular,1.25,0.39999999999999997,626.5780972389787,12.850420855726146,357.5673719177766,7.524658700757916,248.67074252428006,44,48.06085804930912,4101.434701031378,1330.892200554901
triangular,1.25,0.44999999999999996,598.7137316456975,13.43453089462279,244.0044172296548,6.93700050778475,252.71279109463273,46,41.91213118841916,3530.028507822361,1225.4799384712094
triangular,1.25,0.49999999999999994,573.60494409469,14.018640933519434,172.7017068155232,6.417844214960007,256.65982343088837,48,37.02698789991223,3080.0615021995595,1136.9355669493384
triangular,1.25,0.5499999999999999,550.8071047274966,14.602750972416079,125.93187259595916,5.956801451022314,260.5178979988062,50,33.0580334053207,2717.7365486230565,1061.3099462416103
triangular,1.25,0.5999999999999999,529.9761301786434,15.186861011312722,94.13442672272329,5.545394707909986,264.2924622973224,52,29.773989021993142,2420.6074778104985,995.8331813305065
triangular,1.25,0.6499999999999999,510.8396037537917,15.770971050209361,71.8590262206408,5.176648780079727,267.98843540943574,54,27.01498615498826,2173.200079013788,938.4973071000059
triangular,1.25,0.7,493.17775972504165,16.355081089106005,55.85239509806969,4.844780884984163,271.6102767769876,56,24.667027971672216,1964.5122395927062,887.8064493023037
triangular,1.25,0.7499999999999998,476.8104971321956,16.93919112800265,44.09606260309154,4.544963082619336,275.1620439050259,58,22.646672245654962,1786.515787005335,842.6203843284364
triangular,1.25,0.7999999999999998,461.58823591770846,17.52330116689929,35.295587698289346,4.273138300976255,278.6474410955943,60,20.891462473209305,1633.2214302581178,802.0528337055388
triangular,1.25,0.8499999999999999,447.3853091545748,18.107411205795934,28.596768645658134,4.025876548860585,282.0698608561653,62,19.353739506808953,1500.0746808832375,765.4031999939097
triangular,1.25,0.8999999999999999,434.0950802280181,18.691521244692577,23.42165367571272,3.8002615670257174,285.43241928316144,64,17.996518460795937,1383.5538545469499,732.1094738465442
triangular,1.25,0.9499999999999997,421.6262641232378,19.27563128358922,19.370488165767746,3.59380075477247,288.7379864569411,66,16.790669555802303,1280.8955674346391,701.7149619514764
triangular,1.25,0.9999999999999998,409.9001085030278,19.859741322485863,16.16130260338899,3.404353054079226,291.9892126805246,68,15.712946191403915,1189.9030042693857,673.84428236866
triangular,1.33,0.2,676.8089494436724,12.266310816829504,1248.4505014261683,8.193663031659224,244.5269084378734,42,98.78451924115858,9024.474741013044,1556.0296960337644
triangular,1.33,0.25,631.0228070139557,12.850420855726146,635.3127923558769,7.524658700757916,248.67074252428006,44,77.49737287889458,6980.971300620863,1351.1063540348305
triangular,1.33,0.3,584.4654159329658,14.018640933519434,343.4734732521848,6.417844214960007,256.65982343088837,48,62.378313166520364,5460.950079654265,1180.4112259303283
triangular,1.33,0.35,552.2834548171278,14.602750972416079,212.88830139114134,5.956801451022314,260.5178979988062,50,52.51976677978968,4543.2022256305345,1066.8047853144508
triangular,1.33,0.39999999999999997,517.4087761730892,15.770971050209361,133.26271230996485,5.176648780079727,267.98843540943574,54,44.52435250185593,3756.7573594608148,960.9107405071478
triangular,1.33,0.44999999999999996,493.0627676200488,16.355081089106005,91.80787824388904,4.844780884984163,271.6102767769876,56,38.926487955934554,3250.875470954948,887.4338717991413
triangular,1.33,0.49999999999999994,465.5971624886408,17.52330116689929,62.71192547064483,4.273138300976255,278.6474410955943,60,34.02633995713489,2779.8740595147788,814.2347512739011
triangular,1.33,0.5499999999999999,446.3389226606537,18.107411205795934,46.16795222339186,4.025876548860585,282.0698608561653,62,30.455779237795653,2466.205065607463,762.3455498733788
triangular,1.33,0.5999999999999999,423.98828286941125,19.27563128358922,33.43564731526812,3.59380075477247,288.7379864569411,66,27.16856013002031,2157.4768584052426,708.2819883700498
triangular,1.33,0.6499999999999999,408.2812347379707,19.859741322485863,25.76677093268087,3.404353054079226,291.9892126805246,68,24.712224909852175,1947.4139325231044,669.4804008829863
triangular,1.33,0.7,393.8481279659727,20.443851361382507,20.20634936311242,3.230070804351648,295.1885512352137,70,22.616866380002524,1769.327324041322,635.0827532973485
triangular,1.33,0.7499999999999998,380.5234263916704,21.02796140027915,16.08739274237503,3.0693525513429494,298.3382782012183,72,20.809694370757743,1616.6872834508572,604.3383155054703
triangular,1.33,0.7999999999999998,364.40647029339476,22.196181478072436,12.525559144771659,2.7832088992537614,304.4972175753042,76,19.033023777931337,1454.9517779248292,570.2989174960178
triangular,1.33,0.8499999999999999,353.1015233030749,22.78029151696908,10.233096409412386,2.655497809893155,307.510241879276,78,17.669870751303748,1342.663392398167,545.6545097398629
triangular,1.33,0.8999999999999999,342.5474787436001,23.364401555865726,8.447507137297428,2.5367314777910295,310.48130365330627,80,16.46392506866325,1243.9182157377822,523.2043217392134
triangular,1.33,0.9499999999999997,332.6654488870755,23.948511594762365,7.038744434426948,2.4260801763996107,313.4120149836366,82,15.390061196381883,1156.5125637548906,502.65327067421583
triangular,1.33,0.9999999999999998,320.3809634370554,25.11673167255565,5.730090077990784,2.226265218495003,319.1583454881278,86,14.290215872426653,1059.4801723049466,479.0015027436866
triangular,1.5,0.2,522.2544644668388,15.770971050209361,308.6864044711615,5.176648780079727,267.98843540943574,54,90.04870500371185,8751.212432818731,977.7589743058965
triangular,1.5,0.25,475.99035999201,16.93919112800265,151.85288575107393,4.544963082619336,275.1620439050259,58,69.94001673696486,6640.690905252672,840.0624696256901
triangular,1.5,0.3,433.3127595848372,18.691521244692577,80.65676366011579,3.8002615670257174,285.43241928316144,64,55.989555382387806,5142.833646165688,729.8870334427743
triangular,1.5,0.35,398.10230668013804,20.443851361382507,46.80548087509477,3.230070804351648,295.1885512352137,70,46.23373276000505,4121.575548892677,646.218046366775
triangular,1.5,0.39999999999999997,372.26681678354805,21.612071439175793,30.064025579354116,2.9208045083951686,301.4405097924006,74,39.47233070433047,3458.335365463764,586.7744493155913
triangular,1.5,0.44999999999999996,349.89656627113953,22.78029151696908,20.241988857750552,2.655497809893155,307.510241879276,78,34.265311419129304,2953.919425454852,538.0387325508816
triangular,1.5,0.49999999999999994,327.1565174124584,24.53262163365901,13.699975886508511,2.3228090285459477,316.3038884522091,84,29.85640220156401,2512.7614591268875,492.2406556250125
triangular,1.5,0.5499999999999999,310.0586354299636,25.70084171145229,9.88981382468641,2.135867178209136,321.9767238412696,88,26.557045636321885,2204.5435609601554,458.0570406376693
triangular,1.5,0.5999999999999999,292.22780560396075,27.453171828142228,7.113626330475038,1.8966171742470441,330.2276453008455,94,23.629474391593316,1921.1099545652141,424.6665056576229
triangular,1.5,0.6499999999999999,278.6782121465954,28.621391905935507,5.38915383806152,1.7596453367432991,335.5691902128147,98,21.37300838891378,1717.3262643007827,399.26692303000607
triangular,1.5,0.7,264.2773552383018,30.373722022625444,4.050317665141645,1.5814763635391773,343.3625812184281,104,19.303402154918384,1523.0927755687833,373.7608280840567
triangular,1.5,0.7499999999999998,253.24715837349936,31.541942100418723,3.1793823238420447,1.4779303096230527,348.42230287480214,108,17.674656050949455,1380.5659925925827,354.0998399722406
triangular,1.5,0.7999999999999998,241.35027794697706,33.294272217108656,2.470350458263746,1.3414444787696123,355.8233563273503,114,16.143337815036865,1240.9990173631888,333.94010316764536
triangular,1.5,0.8499999999999999,232.18125657207855,34.46249229490194,1.9927895094351569,1.261138609105888,360.63962692603116,118,14.919427711047899,1137.0105972471522,318.2473295732813
triangular,1.5,0.8999999999999999,222.17447807244992,36.21482241159187,1.589380709076302,1.1541143732207153,367.6995246305347,124,13.746340038569489,1033.003236267135,301.89103161414175
triangular,1.5,0.9499999999999997,214.42331075872644,37.383042489385154,1.3101834921500237,1.090490224662639,372.30280749483205,128,12.797484203324101,954.5838898615117,289.0626911993797
triangular,1.5,0.9999999999999998,207.2166429587079,38.55126256717844,1.0897189952784787,1.0322216131293862,376.8280703440006,132,11.950202981283013,885.2049535479023,277.31182941063906
square,1.25,0.2,673.787408580302,12.266310816829504,1221.0332150986421,8.193663031659224,269.0895192904298,42,89.67614399974063,9741.745973589033,1540.1507887795212
square,1.25,0.25,628.076974000396,12.850420855726146,621.8880392026816,7.524658700757916,273.58372679478475,44,70.34927295819008,7539.452871897707,1337.6728397227942
square,1.25,0.3,581.725297483246,14.018640933519434,336.7805920830953,6.417844214960007,282.23867396238376,48,56.6344355587309,5903.4523383444875,1169.2875779830804
square,1.25,0.35,542.4208272525517,15.186861011312722,198.74979214839067,5.545394707909986,290.49601040658257,52,46.99672506118935,4776.524097955251,1040.6976825226373
square,1.25,0.39999999999999997,514.9857404252072,15.770971050209361,130.98791486957208,5.176648780079727,294.49058466620784,54,40.42747047016178,4066.844267681439,952.5870001483449
square,1.25,0.44999999999999996,484.73728546873946,16.93919112800265,86.34000181403849,4.544963082619336,302.23670868854066,58,34.8806330690287,3432.0485744678417,867.6955825536784
square,1.25,0.49999999999999994,463.4798499438502,17.52330116689929,61.788293101137484,4.273138300976255,305.996987280454,60,30.89573886573829,3013.3949525090725,807.7813710280454
square,1.25,0.5499999999999999,444.32399507787375,18.107411205795934,45.52321315212221,4.025876548860585,309.6872768946134,62,27.6506031558625,2674.5513835205525,756.4862219299857
square,1.25,0.5999999999999999,422.15172527795636,19.27563128358922,33.018853302311584,3.59380075477247,316.8716083160662,66,24.66759886300913,2341.7603875565324,703.1716497427649
square,1.25,0.6499999999999999,406.537521486978,19.859741322485863,25.464549533972047,3.404353054079226,320.37184447212337,68,22.434307468756288,2114.649150447541,664.8046974178181
square,1.25,0.7,392.1937774344869,20.443851361382507,19.984049618626244,3.230070804351648,323.8145359433094,70,20.529078523667845,1922.0719535129933,630.7921864275547
square,1.25,0.7499999999999998,378.95491404327174,21.02796140027915,15.92197291801876,3.0693525513429494,327.2022334631626,72,18.885764830511796,1756.9790364791654,600.3916188181969
square,1.25,0.7999999999999998,362.9856856810918,22.196181478072436,12.414450544900976,2.7832088992537614,333.821965401084,76,17.273213365905708,1582.4884741189342,566.8267111913257
square,1.25,0.8499999999999999,351.7571343170681,22.78029151696908,10.149418373688016,2.655497809893155,337.05826676603704,78,16.03318694916737,1460.9369383518645,542.4507458670287
square,1.25,0.8999999999999999,341.2762756797132,23.364401555865726,8.384217483672305,2.5367314777910295,340.2481366751412,80,14.936082046495375,1354.0239354849086,520.2444910446444
square,1.25,0.9499999999999997,328.37081227866906,24.53262163365901,6.772684679743467,2.3228090285459477,346.4956803769388,84,13.825125957342363,1236.9185628075968,494.9947709820594
square,1.25,0.9999999999999998,319.30131804053065,25.11673167255565,5.698660076570547,2.226265218495003,349.55663282526154,86,12.960541845702707,1154.5832893479342,476.59216603116323
square,1.33,0.2,581.2852583847509,14.018640933519434,527.4056748702621,6.417844214960007,282.23867396238376,48,85.45165333809634,9032.658269602101,1167.5110733233403
square,1.33,0.25,531.2738404065614,15.186861011312722,257.24444337668376,5.545394707909986,290.49601040658257,52,66.19541508566509,6821.160499409025,1000.4248872535096
square,1.33,0.3,484.3255845899866,16.93919112800265,135.21030604339956,4.544963082619336,302.23670868854066,58,52.82094960354305,5251.253022995787,866.3772881711267
square,1.33,0.35,450.6174220010665,18.107411205795934,81.06481629932934,4.025876548860585,309.6872768946134,62,44.02237638778392,4287.102338149758,774.9123051183509
square,1.33,0.39999999999999997,421.7664380821384,19.27563128358922,51.70823681268164,3.59380075477247,316.8716083160662,66,37.50139829451369,3583.042619434598,702.1033174215411
square,1.33,0.44999999999999996,396.7105056910612,20.443851361382507,34.60230323021085,3.230070804351648,323.8145359433094,70,32.489677703483316,3049.814518175877,642.5587241560177
square,1.33,0.49999999999999994,378.59130983114227,21.02796140027915,24.93415318309615,3.0693525513429494,327.2022334631626,72,28.82864724576769,2688.2898876459058,599.4794407290914
square,1.33,0.5499999999999999,358.70937751508615,22.196181478072436,17.85722551511613,2.7832088992537614,333.821965401084,76,25.57921944131739,2347.9352319885184,556.4674955336633
square,1.33,0.5999999999999999,340.9359640686525,23.364401555865726,13.12986550942406,2.5367314777910295,340.2481366751412,80,22.904123069743065,2071.742905190751,519.4540809009404
square,1.33,0.6499999999999999,324.93643377004486,24.53262163365901,9.871893193032168,2.3228090285459477,346.4956803769388,84,20.667491783808067,1844.0369348069098,487.23191480877523
square,1.33,0.7,310.44625818266945,25.70084171145229,7.5661562144160595,2.135867178209136,352.5777290120106,88,18.772742285690683,1653.7537022724632,458.9035269867679
square,1.33,0.7499999999999998,297.25295619311487,26.86906178924558,5.896551080535594,1.9714846422747598,358.5059028128335,92,17.149398979529852,1492.8794395181565,433.7865125115963
square,1.33,0.7999999999999998,285.1834950581653,28.037281867038867,4.6632140056667915,1.8261170915937937,364.2905414614367,96,15.744876151679438,1355.4791579597638,411.3518962554025
square,1.33,0.8499999999999999,274.09527657062944,29.205501944832157,3.736016932699886,1.6968954289406555,369.94089220745616,100,14.519172363807481,1237.0721126378585,391.1827527917053
square,1.33,0.8999999999999999,263.8695470434196,30.373722022625444,3.02803305665384,1.5814763635391773,375.4652639906259,104,13.441341829047593,1134.2181246856157,372.9456620630694
square,1.33,0.9499999999999997,254.40648796804558,31.541942100418723,2.4798631346429474,1.4779303096230527,380.871154773351,108,12.487086225576716,1044.2364559588486,356.3705500984453
square,1.33,0.9999999999999998,245.62149798179775,32.71016217821201,2.050090934421826,1.3846562988289823,386.1653575530395,112,11.637073483034369,965.0104124728085,341.2361544412295
square,1.5,0.2,436.74786844411454,18.691521244692577,132.54025953294743,3.8002615670257174,313.3110768121692,64,76.87787220375826,8123.951936458024,739.6867089718535
square,1.5,0.25,392.2546167223999,20.443851361382507,63.71131926488721,3.230070804351648,323.8145359433094,70,59.281419866269964,6084.377481654251,630.9495833812476
square,1.5,0.3,353.3002784948534,22.78029151696908,33.4325835471672,2.655497809893155,337.05826676603704,78,47.260696355974204,4679.695749151533,546.1292850489638
square,1.5,0.35,324.7103773529483,24.53262163365901,19.81527627258008,2.3228090285459477,346.4956803769388,84,39.23962759850069,3795.641142388549,486.7238248701678
square,1.5,0.39999999999999997,298.11318064096577,26.86906178924558,12.152804452587263,1.9714846422747598,358.5059028128335,92,33.03012308661847,3102.3888196368835,435.6208919136345
square,1.5,0.44999999999999996,275.687910290209,29.205501944832157,7.858503971789213,1.6968954289406555,369.94089220745616,100,28.31399224274746,2589.8323200345444,394.4347600990602
square,1.5,0.49999999999999994,258.4663355932638,30.957832061522083,5.435454907820192,1.5283261252100224,378.18257953856636,106,24.80764035167488,2230.3642512810056,363.3142755735612
square,1.5,0.5499999999999999,241.61322496418472,33.294272217108656,3.7900267232611786,1.3414444787696123,388.7725281613874,114,21.82241318513129,1918.646705982709,334.4437096970541
square,1.5,0.5999999999999999,228.4429250411668,35.04660233379858,2.7820760199355608,1.2237866230278422,396.442865747254,120,19.515776763955227,1691.3612457995255,312.03677572569836
square,1.5,0.6499999999999999,215.2716794800118,37.383042489385154,2.0446245121562807,1.090490224662639,406.34108433419146,128,17.47633083913729,1486.1204568581131,290.60660580374974
square,1.5,0.7,204.84632857629734,39.13537260607509,1.5662103868301402,1.0049062680446406,413.5379913083399,134,15.858012366342841,1332.3550476725943,273.6634260101507
square,1.5,0.7499999999999998,195.4231654397581,40.88770272276501,1.2199403991994087,0.9294510999073842,420.5555034971205,140,14.47160032994603,1202.3777603327085,258.6415470730008
square,1.5,0.7999999999999998,185.77639999567825,43.224142878351586,0.9466024619499002,0.8419396591011171,429.65348649300176,148,13.197487491118865,1079.9960618299212,243.8136239784926
square,1.5,0.8499999999999999,178.03825297303044,44.97647299504152,0.7585169287381017,0.7845319097717282,436.2965116863186,154,12.158886942272725,985.7491978304279,231.87146876539498
square,1.5,0.8999999999999999,170.93969719665708,46.72880311173145,0.6148571745238579,0.7330709659091385,442.7952329273921,160,11.245439469560276,903.8585210227269,221.07061854966918
square,1.5,0.9499999999999997,163.5507581762254,49.06524326731802,0.4954183056782992,0.6723292372632178,451.25008611502267,168,10.383581440367392,824.4999593301454,210.1747920750195
square,1.5,0.9999999999999998,157.56609904022582,50.81757338400794,0.4098099252303941,0.6318276769185521,457.443356612994,174,9.667987477471613,762.2092059652656,201.28739512840554
